<?xml version="1.0" encoding="UTF-8"?>
<project-private xmlns="http://www.netbeans.org/ns/project-private/1">
    <editor-bookmarks xmlns="http://www.netbeans.org/ns/editor-bookmarks/2" lastBookmarkId="0"/>
    <open-files xmlns="http://www.netbeans.org/ns/projectui-open-files/2">
        <group>
            <file>file:/C:/Users/ITMaster/Desktop/juegosDeCartas/src/jugadores/Plantable.java</file>
            <file>file:/C:/Users/ITMaster/Desktop/juegosDeCartas/src/jugadores/JugadorCliente.java</file>
            <file>file:/C:/Users/ITMaster/Desktop/juegosDeCartas/src/jugadores/Apostable.java</file>
            <file>file:/C:/Users/ITMaster/Desktop/juegosDeCartas/src/jugadores/JugadorComputadora.java</file>
            <file>file:/C:/Users/ITMaster/Desktop/juegosDeCartas/src/Main/Main.java</file>
            <file>file:/C:/Users/ITMaster/Desktop/juegosDeCartas/src/juegos/BlackJack.java</file>
        </group>
    </open-files>
</project-private>
