<?xml version="1.0" encoding="UTF-8"?>
<project-private xmlns="http://www.netbeans.org/ns/project-private/1">
    <editor-bookmarks xmlns="http://www.netbeans.org/ns/editor-bookmarks/2" lastBookmarkId="0"/>
    <open-files xmlns="http://www.netbeans.org/ns/projectui-open-files/2">
        <group>
            <file>file:/C:/Users/ITMaster/Desktop/JavaApplicationSerializacion/src/javaapplication45/Main.java</file>
            <file>file:/C:/Users/ITMaster/Desktop/JavaApplicationSerializacion/src/javaapplication45/Desocupado.java</file>
            <file>file:/C:/Users/ITMaster/Desktop/JavaApplicationSerializacion/src/javaapplication45/TipoPersona.java</file>
            <file>file:/C:/Users/ITMaster/Desktop/JavaApplicationSerializacion/src/javaapplication45/SerializarPersonas.java</file>
            <file>file:/C:/Users/ITMaster/Desktop/JavaApplicationSerializacion/src/javaapplication45/Persona.java</file>
            <file>file:/C:/Users/ITMaster/Desktop/JavaApplicationSerializacion/src/javaapplication45/Manejador.java</file>
            <file>file:/C:/Users/ITMaster/Desktop/JavaApplicationSerializacion/src/javaapplication45/Alumno.java</file>
        </group>
    </open-files>
</project-private>
